movie_name,movie_score,movie_eval,img_src
肖申克的救赎,9.7,2331646人评价,https://img2.doubanio.com/view/photo/s_ratio_poster/public/p480747492.jpg
霸王别姬,9.6,1733668人评价,https://img3.doubanio.com/view/photo/s_ratio_poster/public/p2561716440.jpg
阿甘正传,9.5,1754963人评价,https://img2.doubanio.com/view/photo/s_ratio_poster/public/p2372307693.jpg
这个杀手不太冷,9.4,1932277人评价,https://img3.doubanio.com/view/photo/s_ratio_poster/public/p511118051.jpg
泰坦尼克号,9.4,1716851人评价,https://img9.doubanio.com/view/photo/s_ratio_poster/public/p457760035.jpg
美丽人生,9.5,1081305人评价,https://img2.doubanio.com/view/photo/s_ratio_poster/public/p2578474613.jpg
千与千寻,9.4,1833106人评价,https://img1.doubanio.com/view/photo/s_ratio_poster/public/p2557573348.jpg
辛德勒的名单,9.5,896195人评价,https://img2.doubanio.com/view/photo/s_ratio_poster/public/p492406163.jpg
盗梦空间,9.3,1697097人评价,https://img2.doubanio.com/view/photo/s_ratio_poster/public/p2616355133.jpg
忠犬八公的故事,9.4,1165134人评价,https://img1.doubanio.com/view/photo/s_ratio_poster/public/p524964039.jpg
星际穿越,9.3,1369984人评价,https://img1.doubanio.com/view/photo/s_ratio_poster/public/p2614988097.jpg
楚门的世界,9.3,1284301人评价,https://img2.doubanio.com/view/photo/s_ratio_poster/public/p479682972.jpg
海上钢琴师,9.3,1378818人评价,https://img9.doubanio.com/view/photo/s_ratio_poster/public/p2574551676.jpg
三傻大闹宝莱坞,9.2,1549300人评价,https://img3.doubanio.com/view/photo/s_ratio_poster/public/p579729551.jpg
机器人总动员,9.3,1090471人评价,https://img3.doubanio.com/view/photo/s_ratio_poster/public/p1461851991.jpg
放牛班的春天,9.3,1073784人评价,https://img3.doubanio.com/view/photo/s_ratio_poster/public/p1910824951.jpg
大话西游之大圣娶亲,9.2,1252636人评价,https://img9.doubanio.com/view/photo/s_ratio_poster/public/p2455050536.jpg
疯狂动物城,9.2,1513832人评价,https://img1.doubanio.com/view/photo/s_ratio_poster/public/p2614500649.jpg
无间道,9.2,1040207人评价,https://img2.doubanio.com/view/photo/s_ratio_poster/public/p2564556863.jpg
熔炉,9.3,761047人评价,https://img9.doubanio.com/view/photo/s_ratio_poster/public/p1363250216.jpg
教父,9.3,761684人评价,https://img9.doubanio.com/view/photo/s_ratio_poster/public/p616779645.jpg
当幸福来敲门,9.1,1244760人评价,https://img9.doubanio.com/view/photo/s_ratio_poster/public/p2614359276.jpg
龙猫,9.2,1038230人评价,https://img9.doubanio.com/view/photo/s_ratio_poster/public/p2540924496.jpg
怦然心动,9.1,1469823人评价,https://img1.doubanio.com/view/photo/s_ratio_poster/public/p501177648.jpg
控方证人,9.6,362198人评价,https://img1.doubanio.com/view/photo/s_ratio_poster/public/p1505392928.jpg
触不可及,9.3,813349人评价,https://img9.doubanio.com/view/photo/s_ratio_poster/public/p1454261925.jpg
蝙蝠侠：黑暗骑士,9.2,849810人评价,https://img2.doubanio.com/view/photo/s_ratio_poster/public/p462657443.jpg
末代皇帝,9.3,651190人评价,https://img2.doubanio.com/view/photo/s_ratio_poster/public/p452089833.jpg
寻梦环游记,9.1,1288058人评价,https://img9.doubanio.com/view/photo/s_ratio_poster/public/p2614500706.jpg
活着,9.3,659441人评价,https://img2.doubanio.com/view/photo/s_ratio_poster/public/p2524040532.jpg
何以为家,9.1,815903人评价,https://img1.doubanio.com/view/photo/s_ratio_poster/public/p2555295759.jpg
乱世佳人,9.3,560204人评价,https://img3.doubanio.com/view/photo/s_ratio_poster/public/p1963126880.jpg
哈利·波特与魔法石,9.1,865553人评价,https://img9.doubanio.com/view/photo/s_ratio_poster/public/p2614949805.jpg
指环王3：王者无敌,9.2,616772人评价,https://img2.doubanio.com/view/photo/s_ratio_poster/public/p691932373.jpg
飞屋环游记,9.0,1085433人评价,https://img9.doubanio.com/view/photo/s_ratio_poster/public/p485887754.jpg
摔跤吧！爸爸,9.0,1282186人评价,https://img1.doubanio.com/view/photo/s_ratio_poster/public/p2401676338.jpg
素媛,9.3,535630人评价,https://img9.doubanio.com/view/photo/s_ratio_poster/public/p2118532944.jpg
少年派的奇幻漂流,9.1,1136378人评价,https://img3.doubanio.com/view/photo/s_ratio_poster/public/p1784592701.jpg
十二怒汉,9.4,375423人评价,https://img2.doubanio.com/view/photo/s_ratio_poster/public/p2173577632.jpg
哈尔的移动城堡,9.1,807024人评价,https://img3.doubanio.com/view/photo/s_ratio_poster/public/p2174346180.jpg
鬼子来了,9.3,501068人评价,https://img1.doubanio.com/view/photo/s_ratio_poster/public/p2553104888.jpg
我不是药神,9.0,1705469人评价,https://img9.doubanio.com/view/photo/s_ratio_poster/public/p2561305376.jpg
大话西游之月光宝盒,9.0,997193人评价,https://img2.doubanio.com/view/photo/s_ratio_poster/public/p2561721372.jpg
天空之城,9.1,681311人评价,https://img1.doubanio.com/view/photo/s_ratio_poster/public/p1446261379.jpg
罗马假日,9.0,790390人评价,https://img9.doubanio.com/view/photo/s_ratio_poster/public/p2189265085.jpg
闻香识女人,9.1,692684人评价,https://img1.doubanio.com/view/photo/s_ratio_poster/public/p2550757929.jpg
辩护人,9.2,494361人评价,https://img9.doubanio.com/view/photo/s_ratio_poster/public/p2158166535.jpg
天堂电影院,9.2,518716人评价,https://img1.doubanio.com/view/photo/s_ratio_poster/public/p2559577569.jpg
猫鼠游戏,9.0,717196人评价,https://img3.doubanio.com/view/photo/s_ratio_poster/public/p453924541.jpg
大闹天宫,9.4,333840人评价,https://img1.doubanio.com/view/photo/s_ratio_poster/public/p2184505167.jpg
钢琴家,9.2,447900人评价,https://img2.doubanio.com/view/photo/s_ratio_poster/public/p792376093.jpg
指环王2：双塔奇兵,9.1,564251人评价,https://img9.doubanio.com/view/photo/s_ratio_poster/public/p2640236255.jpg
教父2,9.2,427291人评价,https://img1.doubanio.com/view/photo/s_ratio_poster/public/p2194138787.jpg
狮子王,9.0,669238人评价,https://img1.doubanio.com/view/photo/s_ratio_poster/public/p2277799019.jpg
搏击俱乐部,9.0,696581人评价,https://img1.doubanio.com/view/photo/s_ratio_poster/public/p1910926158.jpg
死亡诗社,9.1,563694人评价,https://img3.doubanio.com/view/photo/s_ratio_poster/public/p2575465690.jpg
黑客帝国,9.0,649378人评价,https://img1.doubanio.com/view/photo/s_ratio_poster/public/p451926968.jpg
指环王1：护戒使者,9.0,640899人评价,https://img3.doubanio.com/view/photo/s_ratio_poster/public/p2640234840.jpg
让子弹飞,8.9,1312975人评价,https://img1.doubanio.com/view/photo/s_ratio_poster/public/p1512562287.jpg
绿皮书,8.9,1262265人评价,https://img2.doubanio.com/view/photo/s_ratio_poster/public/p2549177902.jpg
饮食男女,9.1,476722人评价,https://img3.doubanio.com/view/photo/s_ratio_poster/public/p1910899751.jpg
美丽心灵,9.0,615984人评价,https://img3.doubanio.com/view/photo/s_ratio_poster/public/p1665997400.jpg
窃听风暴,9.2,456390人评价,https://img1.doubanio.com/view/photo/s_ratio_poster/public/p1808872109.jpg
海蒂和爷爷,9.2,366625人评价,https://img9.doubanio.com/view/photo/s_ratio_poster/public/p2554525534.jpg
两杆大烟枪,9.1,491448人评价,https://img1.doubanio.com/view/photo/s_ratio_poster/public/p792443418.jpg
本杰明·巴顿奇事,8.9,798952人评价,https://img2.doubanio.com/view/photo/s_ratio_poster/public/p2192535722.jpg
看不见的客人,8.8,978267人评价,https://img9.doubanio.com/view/photo/s_ratio_poster/public/p2498971355.jpg
飞越疯人院,9.1,469208人评价,https://img1.doubanio.com/view/photo/s_ratio_poster/public/p792238287.jpg
西西里的美丽传说,8.9,790650人评价,https://img1.doubanio.com/view/photo/s_ratio_poster/public/p2441988159.jpg
穿条纹睡衣的男孩,9.1,417601人评价,https://img2.doubanio.com/view/photo/s_ratio_poster/public/p1473670352.jpg
拯救大兵瑞恩,9.0,523900人评价,https://img9.doubanio.com/view/photo/s_ratio_poster/public/p1014542496.jpg
小鞋子,9.2,328608人评价,https://img9.doubanio.com/view/photo/s_ratio_poster/public/p2165511465.jpg
音乐之声,9.1,485149人评价,https://img1.doubanio.com/view/photo/s_ratio_poster/public/p453788577.jpg
情书,8.9,730931人评价,https://img1.doubanio.com/view/photo/s_ratio_poster/public/p449897379.jpg
海豚湾,9.3,308122人评价,https://img1.doubanio.com/view/photo/s_ratio_poster/public/p2559579779.jpg
阿凡达,8.8,1145340人评价,https://img2.doubanio.com/view/photo/s_ratio_poster/public/p2634997853.jpg
致命魔术,8.9,697526人评价,https://img9.doubanio.com/view/photo/s_ratio_poster/public/p480383375.jpg
美国往事,9.2,336136人评价,https://img1.doubanio.com/view/photo/s_ratio_poster/public/p477229647.jpg
沉默的羔羊,8.9,691595人评价,https://img1.doubanio.com/view/photo/s_ratio_poster/public/p1593414327.jpg
禁闭岛,8.8,767911人评价,https://img1.doubanio.com/view/photo/s_ratio_poster/public/p1832875827.jpg
低俗小说,8.9,672815人评价,https://img2.doubanio.com/view/photo/s_ratio_poster/public/p1910902213.jpg
蝴蝶效应,8.8,755561人评价,https://img1.doubanio.com/view/photo/s_ratio_poster/public/p2209066019.jpg
心灵捕手,8.9,569048人评价,https://img9.doubanio.com/view/photo/s_ratio_poster/public/p480965695.jpg
布达佩斯大饭店,8.9,720074人评价,https://img2.doubanio.com/view/photo/s_ratio_poster/public/p2178872593.jpg
七宗罪,8.8,784626人评价,https://img9.doubanio.com/view/photo/s_ratio_poster/public/p2219586434.jpg
春光乍泄,8.9,507815人评价,https://img3.doubanio.com/view/photo/s_ratio_poster/public/p465939041.jpg
哈利·波特与死亡圣器(下),8.9,630022人评价,https://img2.doubanio.com/view/photo/s_ratio_poster/public/p917846733.jpg
摩登时代,9.3,233583人评价,https://img1.doubanio.com/view/photo/s_ratio_poster/public/p2263408369.jpg
被嫌弃的松子的一生,8.9,595545人评价,https://img9.doubanio.com/view/photo/s_ratio_poster/public/p884763596.jpg
喜剧之王,8.8,777447人评价,https://img1.doubanio.com/view/photo/s_ratio_poster/public/p2579932167.jpg
致命ID,8.8,648130人评价,https://img9.doubanio.com/view/photo/s_ratio_poster/public/p2558364386.jpg
杀人回忆,8.9,548772人评价,https://img3.doubanio.com/view/photo/s_ratio_poster/public/p657823840.jpg
剪刀手爱德华,8.7,889405人评价,https://img1.doubanio.com/view/photo/s_ratio_poster/public/p480956937.jpg
加勒比海盗,8.8,707326人评价,https://img9.doubanio.com/view/photo/s_ratio_poster/public/p1596085504.jpg
勇敢的心,8.9,486196人评价,https://img1.doubanio.com/view/photo/s_ratio_poster/public/p2004174709.jpg
狩猎,9.1,301779人评价,https://img1.doubanio.com/view/photo/s_ratio_poster/public/p1546987967.jpg
请以你的名字呼唤我,8.9,545595人评价,https://img3.doubanio.com/view/photo/s_ratio_poster/public/p2505525050.jpg
红辣椒,9.0,342214人评价,https://img3.doubanio.com/view/photo/s_ratio_poster/public/p456825720.jpg
断背山,8.8,592901人评价,https://img1.doubanio.com/view/photo/s_ratio_poster/public/p2604889017.jpg
天使爱美丽,8.7,840993人评价,https://img2.doubanio.com/view/photo/s_ratio_poster/public/p2447590313.jpg
7号房的礼物,8.9,439053人评价,https://img9.doubanio.com/view/photo/s_ratio_poster/public/p1816276065.jpg
幽灵公主,8.9,437235人评价,https://img9.doubanio.com/view/photo/s_ratio_poster/public/p1613191025.jpg
小森林 夏秋篇,9.0,343834人评价,https://img2.doubanio.com/view/photo/s_ratio_poster/public/p2564498893.jpg
第六感,8.9,445064人评价,https://img9.doubanio.com/view/photo/s_ratio_poster/public/p2220184425.jpg
阳光灿烂的日子,8.8,504326人评价,https://img9.doubanio.com/view/photo/s_ratio_poster/public/p2564685215.jpg
重庆森林,8.8,643254人评价,https://img3.doubanio.com/view/photo/s_ratio_poster/public/p792381411.jpg
唐伯虎点秋香,8.7,851546人评价,https://img9.doubanio.com/view/photo/s_ratio_poster/public/p2357915564.jpg
超脱,8.9,396439人评价,https://img3.doubanio.com/view/photo/s_ratio_poster/public/p1305562621.jpg
功夫,8.7,823437人评价,https://img1.doubanio.com/view/photo/s_ratio_poster/public/p2219011938.jpg
爱在黎明破晓前,8.8,502708人评价,https://img9.doubanio.com/view/photo/s_ratio_poster/public/p2555762374.jpg
小森林 冬春篇,9.0,308691人评价,https://img1.doubanio.com/view/photo/s_ratio_poster/public/p2215147728.jpg
入殓师,8.9,479640人评价,https://img1.doubanio.com/view/photo/s_ratio_poster/public/p2635433927.jpg
一一,9.1,288889人评价,https://img2.doubanio.com/view/photo/s_ratio_poster/public/p2567845803.jpg
蝙蝠侠：黑暗骑士崛起,8.8,582069人评价,https://img9.doubanio.com/view/photo/s_ratio_poster/public/p1706428744.jpg
消失的爱人,8.7,730274人评价,https://img9.doubanio.com/view/photo/s_ratio_poster/public/p2221768894.jpg
人生果实,9.5,134600人评价,https://img2.doubanio.com/view/photo/s_ratio_poster/public/p2544912792.jpg
菊次郎的夏天,8.8,461433人评价,https://img9.doubanio.com/view/photo/s_ratio_poster/public/p2620392435.jpg
无人知晓,9.1,236674人评价,https://img2.doubanio.com/view/photo/s_ratio_poster/public/p661160053.jpg
倩女幽魂,8.7,596402人评价,https://img9.doubanio.com/view/photo/s_ratio_poster/public/p2414157745.jpg
超能陆战队,8.7,815571人评价,https://img2.doubanio.com/view/photo/s_ratio_poster/public/p2614500883.jpg
侧耳倾听,8.9,374059人评价,https://img2.doubanio.com/view/photo/s_ratio_poster/public/p456692072.jpg
哈利·波特与阿兹卡班的囚徒,8.8,501831人评价,https://img1.doubanio.com/view/photo/s_ratio_poster/public/p1910812549.jpg
甜蜜蜜,8.9,422265人评价,https://img9.doubanio.com/view/photo/s_ratio_poster/public/p2223011274.jpg
借东西的小人阿莉埃蒂,8.8,442686人评价,https://img9.doubanio.com/view/photo/s_ratio_poster/public/p617533616.jpg
完美的世界,9.1,226873人评价,https://img1.doubanio.com/view/photo/s_ratio_poster/public/p2190556408.jpg
萤火之森,8.9,416242人评价,https://img2.doubanio.com/view/photo/s_ratio_poster/public/p1675053073.jpg
爱在日落黄昏时,8.8,418731人评价,https://img1.doubanio.com/view/photo/s_ratio_poster/public/p2561542458.jpg
驯龙高手,8.7,620605人评价,https://img9.doubanio.com/view/photo/s_ratio_poster/public/p2210954024.jpg
玛丽和马克思,8.9,363593人评价,https://img9.doubanio.com/view/photo/s_ratio_poster/public/p488255145.jpg
幸福终点站,8.8,443526人评价,https://img1.doubanio.com/view/photo/s_ratio_poster/public/p854757687.jpg
告白,8.7,579232人评价,https://img9.doubanio.com/view/photo/s_ratio_poster/public/p689520756.jpg
大鱼,8.8,468459人评价,https://img9.doubanio.com/view/photo/s_ratio_poster/public/p692813374.jpg
射雕英雄传之东成西就,8.7,527042人评价,https://img9.doubanio.com/view/photo/s_ratio_poster/public/p2609063925.jpg
阳光姐妹淘,8.8,503486人评价,https://img1.doubanio.com/view/photo/s_ratio_poster/public/p1374786017.jpg
天书奇谭,9.2,186995人评价,https://img1.doubanio.com/view/photo/s_ratio_poster/public/p2515539487.jpg
恐怖直播,8.7,525749人评价,https://img9.doubanio.com/view/photo/s_ratio_poster/public/p2016930906.jpg
怪兽电力公司,8.7,531803人评价,https://img1.doubanio.com/view/photo/s_ratio_poster/public/p2513247938.jpg
哈利·波特与密室,8.7,525951人评价,https://img3.doubanio.com/view/photo/s_ratio_poster/public/p1082651990.jpg
神偷奶爸,8.6,789267人评价,https://img1.doubanio.com/view/photo/s_ratio_poster/public/p792776858.jpg
时空恋旅人,8.8,474248人评价,https://img9.doubanio.com/view/photo/s_ratio_poster/public/p2070153774.jpg
玩具总动员3,8.9,410364人评价,https://img1.doubanio.com/view/photo/s_ratio_poster/public/p1283675359.jpg
傲慢与偏见,8.7,631845人评价,https://img1.doubanio.com/view/photo/s_ratio_poster/public/p2016401659.jpg
教父3,8.9,285321人评价,https://img3.doubanio.com/view/photo/s_ratio_poster/public/p2169664351.jpg
釜山行,8.6,946466人评价,https://img1.doubanio.com/view/photo/s_ratio_poster/public/p2360940399.jpg
血战钢锯岭,8.7,650053人评价,https://img1.doubanio.com/view/photo/s_ratio_poster/public/p2398141939.jpg
哪吒闹海,9.1,203920人评价,https://img2.doubanio.com/view/photo/s_ratio_poster/public/p2516566783.jpg
一个叫欧维的男人决定去死,8.9,334718人评价,https://img2.doubanio.com/view/photo/s_ratio_poster/public/p2406624993.jpg
被解救的姜戈,8.8,488275人评价,https://img1.doubanio.com/view/photo/s_ratio_poster/public/p1800813767.jpg
七武士,9.3,155030人评价,https://img9.doubanio.com/view/photo/s_ratio_poster/public/p2215886505.jpg
喜宴,8.9,275915人评价,https://img1.doubanio.com/view/photo/s_ratio_poster/public/p2249048907.jpg
电锯惊魂,8.7,418390人评价,https://img9.doubanio.com/view/photo/s_ratio_poster/public/p2565332644.jpg
头号玩家,8.7,1126861人评价,https://img1.doubanio.com/view/photo/s_ratio_poster/public/p2516578307.jpg
我是山姆,8.9,255003人评价,https://img9.doubanio.com/view/photo/s_ratio_poster/public/p652417775.jpg
风之谷,8.9,304447人评价,https://img2.doubanio.com/view/photo/s_ratio_poster/public/p1917567652.jpg
未麻的部屋,9.0,233272人评价,https://img2.doubanio.com/view/photo/s_ratio_poster/public/p1351050722.jpg
英雄本色,8.7,419895人评价,https://img1.doubanio.com/view/photo/s_ratio_poster/public/p2504997087.jpg
上帝之城,9.0,252551人评价,https://img3.doubanio.com/view/photo/s_ratio_poster/public/p455677490.jpg
疯狂原始人,8.7,704791人评价,https://img1.doubanio.com/view/photo/s_ratio_poster/public/p1867084027.jpg
谍影重重3,8.8,347214人评价,https://img1.doubanio.com/view/photo/s_ratio_poster/public/p792223507.jpg
卢旺达饭店,8.9,251732人评价,https://img2.doubanio.com/view/photo/s_ratio_poster/public/p470419493.jpg
三块广告牌,8.7,675514人评价,https://img1.doubanio.com/view/photo/s_ratio_poster/public/p2510081688.jpg
纵横四海,8.8,334465人评价,https://img1.doubanio.com/view/photo/s_ratio_poster/public/p2597918718.jpg
花样年华,8.7,468776人评价,https://img9.doubanio.com/view/photo/s_ratio_poster/public/p1910828286.jpg
新世界,8.9,293001人评价,https://img1.doubanio.com/view/photo/s_ratio_poster/public/p1903379979.jpg
模仿游戏,8.7,497334人评价,https://img2.doubanio.com/view/photo/s_ratio_poster/public/p2255040492.jpg
达拉斯买家俱乐部,8.8,365062人评价,https://img1.doubanio.com/view/photo/s_ratio_poster/public/p2166160837.jpg
岁月神偷,8.7,498149人评价,https://img3.doubanio.com/view/photo/s_ratio_poster/public/p456666151.jpg
黑客帝国3：矩阵革命,8.8,347973人评价,https://img1.doubanio.com/view/photo/s_ratio_poster/public/p443461818.jpg
心迷宫,8.7,402780人评价,https://img9.doubanio.com/view/photo/s_ratio_poster/public/p2276780256.jpg
头脑特工队,8.7,481680人评价,https://img9.doubanio.com/view/photo/s_ratio_poster/public/p2266293606.jpg
记忆碎片,8.7,502068人评价,https://img2.doubanio.com/view/photo/s_ratio_poster/public/p641688453.jpg
你的名字。,8.4,1120266人评价,https://img1.doubanio.com/view/photo/s_ratio_poster/public/p2395733377.jpg
忠犬八公物语,9.2,154594人评价,https://img2.doubanio.com/view/photo/s_ratio_poster/public/p1576418852.jpg
荒蛮故事,8.8,348117人评价,https://img2.doubanio.com/view/photo/s_ratio_poster/public/p2584519452.jpg
真爱至上,8.6,594581人评价,https://img3.doubanio.com/view/photo/s_ratio_poster/public/p475600770.jpg
海街日记,8.8,339347人评价,https://img1.doubanio.com/view/photo/s_ratio_poster/public/p2603364117.jpg
爆裂鼓手,8.7,458138人评价,https://img2.doubanio.com/view/photo/s_ratio_poster/public/p2220776342.jpg
贫民窟的百万富翁,8.6,622956人评价,https://img3.doubanio.com/view/photo/s_ratio_poster/public/p2434249040.jpg
东邪西毒,8.6,482812人评价,https://img2.doubanio.com/view/photo/s_ratio_poster/public/p1982176012.jpg
萤火虫之墓,8.7,349216人评价,https://img1.doubanio.com/view/photo/s_ratio_poster/public/p2237136718.jpg
寄生虫,8.8,1110222人评价,https://img3.doubanio.com/view/photo/s_ratio_poster/public/p2561439800.jpg
惊魂记,9.0,204616人评价,https://img9.doubanio.com/view/photo/s_ratio_poster/public/p1021883305.jpg
黑天鹅,8.6,682455人评价,https://img9.doubanio.com/view/photo/s_ratio_poster/public/p2549648344.jpg
哈利·波特与火焰杯,8.6,453655人评价,https://img9.doubanio.com/view/photo/s_ratio_poster/public/p735391084.jpg
无敌破坏王,8.7,432071人评价,https://img9.doubanio.com/view/photo/s_ratio_poster/public/p1735642656.jpg
你看起来好像很好吃,8.9,275800人评价,https://img2.doubanio.com/view/photo/s_ratio_poster/public/p709670262.jpg
小偷家族,8.7,674743人评价,https://img9.doubanio.com/view/photo/s_ratio_poster/public/p2530599636.jpg
绿里奇迹,8.9,244117人评价,https://img3.doubanio.com/view/photo/s_ratio_poster/public/p767586451.jpg
冰川时代,8.6,509647人评价,https://img1.doubanio.com/view/photo/s_ratio_poster/public/p1910895719.jpg
爱在午夜降临前,8.8,284512人评价,https://img1.doubanio.com/view/photo/s_ratio_poster/public/p2074715729.jpg
雨人,8.7,338720人评价,https://img2.doubanio.com/view/photo/s_ratio_poster/public/p2353324612.jpg
恋恋笔记本,8.5,535401人评价,https://img9.doubanio.com/view/photo/s_ratio_poster/public/p483604864.jpg
疯狂的石头,8.5,655030人评价,https://img2.doubanio.com/view/photo/s_ratio_poster/public/p712241453.jpg
九品芝麻官,8.6,488923人评价,https://img3.doubanio.com/view/photo/s_ratio_poster/public/p648370300.jpg
恐怖游轮,8.5,646418人评价,https://img9.doubanio.com/view/photo/s_ratio_poster/public/p462470694.jpg
奇迹男孩,8.6,467514人评价,https://img1.doubanio.com/view/photo/s_ratio_poster/public/p2507709428.jpg
雨中曲,9.0,168425人评价,https://img9.doubanio.com/view/photo/s_ratio_poster/public/p1612355875.jpg
魔女宅急便,8.7,374323人评价,https://img2.doubanio.com/view/photo/s_ratio_poster/public/p456676352.jpg
二十二,8.7,239419人评价,https://img1.doubanio.com/view/photo/s_ratio_poster/public/p2457609817.jpg
虎口脱险,8.9,195332人评价,https://img2.doubanio.com/view/photo/s_ratio_poster/public/p2399597512.jpg
海边的曼彻斯特,8.6,393997人评价,https://img9.doubanio.com/view/photo/s_ratio_poster/public/p2421855655.jpg
人工智能,8.7,358271人评价,https://img1.doubanio.com/view/photo/s_ratio_poster/public/p792257137.jpg
2001太空漫游,8.8,238685人评价,https://img9.doubanio.com/view/photo/s_ratio_poster/public/p2560717825.jpg
色，戒,8.5,569646人评价,https://img9.doubanio.com/view/photo/s_ratio_poster/public/p453716305.jpg
房间,8.8,318917人评价,https://img9.doubanio.com/view/photo/s_ratio_poster/public/p2259715855.jpg
城市之光,9.3,108783人评价,https://img1.doubanio.com/view/photo/s_ratio_poster/public/p2170238828.jpg
可可西里,8.8,240921人评价,https://img9.doubanio.com/view/photo/s_ratio_poster/public/p2363208684.jpg
罗生门,8.8,249132人评价,https://img3.doubanio.com/view/photo/s_ratio_poster/public/p1598883511.jpg
终结者2：审判日,8.7,284236人评价,https://img9.doubanio.com/view/photo/s_ratio_poster/public/p1910909085.jpg
初恋这件小事,8.4,837015人评价,https://img2.doubanio.com/view/photo/s_ratio_poster/public/p1505312273.jpg
大佛普拉斯,8.7,334189人评价,https://img2.doubanio.com/view/photo/s_ratio_poster/public/p2505928032.jpg
波西米亚狂想曲,8.7,470766人评价,https://img2.doubanio.com/view/photo/s_ratio_poster/public/p2549558913.jpg
遗愿清单,8.7,324831人评价,https://img1.doubanio.com/view/photo/s_ratio_poster/public/p1481879628.jpg
魂断蓝桥,8.8,226401人评价,https://img1.doubanio.com/view/photo/s_ratio_poster/public/p2351134499.jpg
牯岭街少年杀人事件,8.9,211499人评价,https://img9.doubanio.com/view/photo/s_ratio_poster/public/p848381236.jpg
源代码,8.5,674247人评价,https://img9.doubanio.com/view/photo/s_ratio_poster/public/p988260245.jpg
新龙门客栈,8.6,359414人评价,https://img1.doubanio.com/view/photo/s_ratio_poster/public/p1421018669.jpg
青蛇,8.6,417083人评价,https://img2.doubanio.com/view/photo/s_ratio_poster/public/p2570901292.jpg
疯狂的麦克斯4：狂暴之路,8.6,423295人评价,https://img2.doubanio.com/view/photo/s_ratio_poster/public/p2236181653.jpg
无耻混蛋,8.6,388103人评价,https://img1.doubanio.com/view/photo/s_ratio_poster/public/p2575043939.jpg
血钻,8.7,297584人评价,https://img2.doubanio.com/view/photo/s_ratio_poster/public/p1244017073.jpg
燃情岁月,8.8,238440人评价,https://img1.doubanio.com/view/photo/s_ratio_poster/public/p1023654037.jpg
步履不停,8.8,216641人评价,https://img1.doubanio.com/view/photo/s_ratio_poster/public/p2375245718.jpg
海洋,9.1,139116人评价,https://img9.doubanio.com/view/photo/s_ratio_poster/public/p2559581324.jpg
穿越时空的少女,8.6,323165人评价,https://img9.doubanio.com/view/photo/s_ratio_poster/public/p2079334286.jpg
谍影重重2,8.7,291190人评价,https://img9.doubanio.com/view/photo/s_ratio_poster/public/p667644866.jpg
彗星来的那一夜,8.5,424699人评价,https://img9.doubanio.com/view/photo/s_ratio_poster/public/p2187896734.jpg
东京教父,9.0,145504人评价,https://img1.doubanio.com/view/photo/s_ratio_poster/public/p456703618.jpg
阿飞正传,8.5,406226人评价,https://img2.doubanio.com/view/photo/s_ratio_poster/public/p2525770523.jpg
战争之王,8.7,288572人评价,https://img3.doubanio.com/view/photo/s_ratio_poster/public/p792282381.jpg
地球上的星星,8.9,170989人评价,https://img9.doubanio.com/view/photo/s_ratio_poster/public/p1973489335.jpg
完美陌生人,8.5,446194人评价,https://img9.doubanio.com/view/photo/s_ratio_poster/public/p2522331945.jpg
无间道2,8.6,338286人评价,https://img3.doubanio.com/view/photo/s_ratio_poster/public/p958008320.jpg
谍影重重,8.6,347980人评价,https://img3.doubanio.com/view/photo/s_ratio_poster/public/p1597183981.jpg
香水,8.5,460672人评价,https://img2.doubanio.com/view/photo/s_ratio_poster/public/p2571500223.jpg
千钧一发,8.8,212518人评价,https://img9.doubanio.com/view/photo/s_ratio_poster/public/p2195672555.jpg
东京物语,9.2,107324人评价,https://img9.doubanio.com/view/photo/s_ratio_poster/public/p1925331564.jpg
黑客帝国2：重装上阵,8.6,307596人评价,https://img3.doubanio.com/view/photo/s_ratio_poster/public/p443461390.jpg
崖上的波妞,8.5,377111人评价,https://img1.doubanio.com/view/photo/s_ratio_poster/public/p2627847859.jpg
驴得水,8.3,755558人评价,https://img3.doubanio.com/view/photo/s_ratio_poster/public/p2393044761.jpg
再次出发之纽约遇见你,8.6,346493人评价,https://img2.doubanio.com/view/photo/s_ratio_poster/public/p2250287733.jpg
朗读者,8.6,394541人评价,https://img1.doubanio.com/view/photo/s_ratio_poster/public/p1140984198.jpg
我爱你,9.1,131926人评价,https://img1.doubanio.com/view/photo/s_ratio_poster/public/p1075591188.jpg
猜火车,8.5,361004人评价,https://img1.doubanio.com/view/photo/s_ratio_poster/public/p513567548.jpg
聚焦,8.8,232199人评价,https://img1.doubanio.com/view/photo/s_ratio_poster/public/p2263822658.jpg
浪潮,8.7,224928人评价,https://img2.doubanio.com/view/photo/s_ratio_poster/public/p1344888983.jpg
小萝莉的猴神大叔,8.4,407251人评价,https://img9.doubanio.com/view/photo/s_ratio_poster/public/p2510956726.jpg
追随,8.9,150409人评价,https://img3.doubanio.com/view/photo/s_ratio_poster/public/p2561545031.jpg
网络谜踪,8.6,433314人评价,https://img1.doubanio.com/view/photo/s_ratio_poster/public/p2542848758.jpg
黑鹰坠落,8.7,240931人评价,https://img3.doubanio.com/view/photo/s_ratio_poster/public/p1910900710.jpg
